product_id,company_name,product_name,product_type,coverage_details,monthly_premium
1,현대해상,현대해상 추가상품71,LIFE,사망 시 유족보험금 평생 지급. 중도 해지환급 일부.,41831
2,롯데손해보험,롯데손해보험 추가상품95,CANCER,5년 무사고 보험료 환급 옵션.,57458
3,현대해상,현대해상 암스트롱 암보험,DEMENTIA,"치매 환자 실종보험금, 배회감지기 지원.",55684
4,DB손해보험,DB손해보험 추가상품46,CHILD,영양상담·성장검진 할인 연계.,47425
5,삼성화재,삼성화재 추가상품63,LIFE,"납입기간 단축(10/15년), 고액 해지환급 설계.",58016
6,현대해상,현대해상 추가상품48,CHILD,"어린이(0~15세) 질병·상해 종합보험. 골절, 화상 등.",56122
7,삼성화재,삼성화재 추가상품36,SURGERY,"치과수술(악교정, 임플란트) 일부 커버.",43451
8,현대해상,현대해상 수술비 더든든,LIFE,정액사망보장 + 뇌·심장질환 특약 가능.,25585
9,흥국화재,흥국화재 추가상품76,NEWBORN,"출생 직후 미숙아·선천질환 보장, 인큐베이터 입원비.",26162
10,DB손해보험,DB손해보험 추가상품71,PET,"반려동물(개·고양이) 의료비 보장. 수술, 입원, 통원비.",17657
11,메리츠화재,메리츠 유니버셜 종신플랜,ETC,"반려식물보험, 악기파손보험, 특정이벤트 단기보험.",43929
12,한화손해보험,한화손해보험 추가상품59,DRIVER,음주운전 벌금 일부 제외(도덕적 해이 방지).,56688
13,한화손해보험,한화손해보험 추가상품94,FIRE,"화상 치료비, 인명 피해 위로금 커버.",18119
14,흥국화재,흥국화재 수술입원 Protect,ETC,예술품·명품가방 파손·도난 담보.,21807
15,삼성화재,삼성화재 추가상품74,DENTAL,"스케일링 연2회, 협회 등록병원 할인.",58873
16,메리츠화재,메리츠화재 추가상품73,NEWBORN,영유아 검진 비용 전액 지원(정부 외 추가).,43355
17,현대해상,현대해상 추가상품70,ETC,우주여행 대비 고공비행보험(개발 중).,26885
18,삼성화재,삼성화재 추가상품79,PET,"반려견 등록비, 유실견 찾기 쿠폰 연계.",17555
19,현대해상,현대해상 추가상품95,DRIVER,"교통사고 처리지원금, 변호사비, 벌금 지원.",22745
20,삼성화재,삼성화재 추가상품96,FIRE,"무사고3년 환급, 장기유지 보너스.",55178
21,한화손해보험,한화손해보험 추가상품48,DRIVER,"무보험차 상해, 긴급견인 무제한.",27703
22,현대해상,현대해상 하이카 운전자보험,CHILD,"어린이(0~15세) 질병·상해 종합보험. 골절, 화상 등.",54942
23,삼성화재,삼성화재 추가상품61,LIFE,"MCI(경증치매) 선지급, 간병비로 활용.",54139
24,한화손해보험,한화손해보험 추가상품57,NURSING,무심사형(보장금액 제한) 플랜 존재.,48176
25,한화손해보험,한화손해 어린이 New케어,DEMENTIA,중증치매 간병병실 차액 지원. 호스피스 비용.,27208
26,롯데손해보험,롯데손해보험 추가상품80,DENTAL,"치아보철, 교정 일부 지원. 어린이 교정은 별도.",40186
27,삼성화재,삼성화재 추가상품43,SURGERY,특정질환(암·뇌·심장) 수술 2배 지급.,43193
28,롯데손해보험,롯데손해보험 추가상품47,DENTAL,치아염증 재발 시 2차 치료비 커버.,23100
29,롯데손해보험,롯데손해보험 추가상품19,LIFE,기업 오너용 상속세 대비 플랜 가능.,28992
30,롯데손해보험,롯데 화재플러스 내집안심,ETC,우주여행 대비 고공비행보험(개발 중).,38742
31,KB손해보험,KB손해보험 추가상품85,CANCER,초기암부터 고액암까지 단계별 혜택.,59530
32,삼성화재,삼성화재 추가상품74,SURGERY,무사고 시 수술비 환급 옵션.,15545
33,삼성화재,삼성화재 추가상품74,DRIVER,"배달 라이더 전용, 이륜차 상해 확장.",18894
34,한화손해보험,한화손해보험 추가상품64,CANCER,초기암부터 고액암까지 단계별 혜택.,26972
35,DB손해보험,DB손해보험 추가상품46,DENTAL,임플란트 후 통증관리 약제비 일부.,58413
36,삼성화재,삼성화재 추가상품87,PET,"산책 중 타인 배상책임 담보, 한도 설정.",30101
37,흥국화재,흥국화재 수술입원 Protect,NEWBORN,"1세 이전 상해·화상·골절 보장, 응급실 포함.",48239
38,롯데손해보험,롯데손해보험 추가상품71,CHILD,"피부질환(아토피), 알레르기성 비염도 보강.",36099
39,KB손해보험,KB손해보험 추가상품85,DEMENTIA,경도치매~중증치매 단계별 간병비. 장기요양등급별 확대.,18689
40,한화손해보험,한화손해보험 추가상품55,PET,"펫장례 특약(화장, 봉안), 펫이별관리 서비스.",28431
41,롯데손해보험,롯데손해보험 추가상품25,NURSING,"시설입소 보증금 파손 위험 담보, 파산시 일부 환급.",16812
42,DB손해보험,DB손해보험 추가상품71,HEALTHCARE,대학병원 1인실 차액 정액지원.,50831
43,삼성화재,삼성화재 추가상품87,CHILD,어린이 뇌전증 등 희귀질환 지원.,55014
44,롯데손해보험,롯데 신생아 안심플랜,DENTAL,임플란트 후 통증관리 약제비 일부.,16554
45,롯데손해보험,롯데손해보험 추가상품33,DRIVER,가족 운전 중 사고시 동일 보장.,55768
46,KB손해보험,KB손해보험 추가상품59,ETC,"기업 임직원 단체상해, 복지특약, 보증보험 등.",39761
47,삼성화재,삼성화재 추가상품45,LIFE,"변액 종신, 투자수익 연동 해지환급 가능.",59432
48,현대해상,현대해상 추가상품57,PET,"산책 중 타인 배상책임 담보, 한도 설정.",29896
49,현대해상,현대해상 추가상품40,NEWBORN,"아토피, 알레르기성 비염 초기치료.",46694
50,흥국화재,흥국화재 추가상품25,NEWBORN,"산후조리원 이용비, 일부 지정기관 할인.",50191
51,KB손해보험,KB손해보험 추가상품58,NURSING,무심사형(보장금액 제한) 플랜 존재.,18085
52,메리츠화재,메리츠화재 추가상품58,SURGERY,수술비·입원비 포괄 보장. 로봇수술 특약.,29516
53,삼성화재,삼성화재 추가상품19,PET,"반려견 등록비, 유실견 찾기 쿠폰 연계.",31929
54,흥국화재,흥국화재 추가상품49,CHILD,어린이 뇌전증 등 희귀질환 지원.,58881
55,메리츠화재,메리츠화재 추가상품82,DEMENTIA,중증치매 간병병실 차액 지원. 호스피스 비용.,48987
56,롯데손해보험,롯데손해보험 추가상품31,LIFE,사망 시 유족보험금 평생 지급. 중도 해지환급 일부.,33241
57,KB손해보험,KB손해보험 추가상품51,DENTAL,임플란트 후 통증관리 약제비 일부.,16192
58,DB손해보험,DB손해보험 추가상품60,NEWBORN,"신생아 황달, 호흡곤란증후군 집중보장.",24806
59,현대해상,현대해상 추가상품51,DENTAL,"스케일링 연2회, 협회 등록병원 할인.",59938
60,흥국화재,흥국화재 주택화재 럭키홈,DENTAL,"임신 중 치아건강 특별관리, 산모 치주질환.",33194
61,삼성화재,삼성화재 추가상품69,ETC,예술품·명품가방 파손·도난 담보.,49010
62,현대해상,현대해상 굿앤굿종합보험,DRIVER,"면허정지/취소 위로금, 벌금 한도 3천만원.",19435
63,KB손해보험,KB손해보험 추가상품17,DENTAL,"스케일링 연2회, 협회 등록병원 할인.",37408
64,DB손해보험,DB손해보험 추가상품36,SURGERY,"치과수술(악교정, 임플란트) 일부 커버.",50665
65,한화손해보험,한화손해보험 추가상품32,CANCER,"소액암, 갑상선암 전립선암 특화담보.",40768
66,흥국화재,흥국화재 추가상품17,TRAVEL,스쿠버·스카이다이빙 등 레저특약(고위험 할증).,16669
67,롯데손해보험,롯데손해보험 추가상품94,DEMENTIA,경도치매~중증치매 단계별 간병비. 장기요양등급별 확대.,17766
68,DB손해보험,DB손해보험 추가상품40,DENTAL,"스케일링 연2회, 협회 등록병원 할인.",47074
69,삼성화재,삼성화재 추가상품82,NEWBORN,"산모 위험담보, 제왕절개 수술비 등.",52473
70,삼성화재,삼성화재 추가상품48,CHILD,영양상담·성장검진 할인 연계.,41712
71,삼성화재,삼성화재 추가상품38,NEWBORN,"산모 위험담보, 제왕절개 수술비 등.",40444
72,삼성화재,삼성화재 추가상품30,LIFE,"정년도래형: 60세 납 끝, 평생 보장.",47555
73,한화손해보험,한화손해보험 추가상품25,DEMENTIA,"장기요양1~5등급 월 간병비, 최대36개월.",23359
74,흥국화재,흥국화재 추가상품52,LIFE,"변액 종신, 투자수익 연동 해지환급 가능.",25497
75,흥국화재,흥국화재 간병치매보험 안심,ETC,"기업 임직원 단체상해, 복지특약, 보증보험 등.",57224
76,KB손해보험,KB 실손의료비 표준플랜,TRAVEL,"해외입원, 현지 간호인 파견, 법률지원.",58090
77,DB손해보험,DB손해보험 추가상품34,DEMENTIA,경도치매~중증치매 단계별 간병비. 장기요양등급별 확대.,48474
78,흥국화재,흥국화재 추가상품85,TRAVEL,코로나 확진 시 여행취소비용 일부 보상.,56752
79,롯데손해보험,롯데손해보험 추가상품95,DENTAL,치아염증 재발 시 2차 치료비 커버.,38601
80,DB손해보험,DB손해보험 추가상품18,TRAVEL,"해외입원, 현지 간호인 파견, 법률지원.",58408
81,KB손해보험,KB손해보험 추가상품62,HEALTHCARE,"약국 본인부담금, 처방조제료 연간 n회 제한.",24853
82,롯데손해보험,롯데손해보험 추가상품54,HEALTHCARE,중증질환 고액치료비 한도 확대.,22009
83,롯데손해보험,롯데손해보험 추가상품96,DRIVER,가족 운전 중 사고시 동일 보장.,50480
84,현대해상,현대해상 추가상품84,TRAVEL,"24시간 핫라인, 통역서비스, 대사관 협조.",49363
85,삼성화재,삼성화재 추가상품21,LIFE,"MCI(경증치매) 선지급, 간병비로 활용.",42143
86,흥국화재,흥국화재 착한운전자보험,NEWBORN,영유아 검진 비용 전액 지원(정부 외 추가).,49804
87,롯데손해보험,롯데 치아건강보험,HEALTHCARE,"본인부담금(약국·처방조제료, MRI 등) 지원.",59521
88,DB손해보험,DB손해보험 추가상품28,LIFE,암·뇌졸중 사망 시 2배 보상 특약.,47882
89,한화손해보험,한화손해 신생아스페셜 보장,CANCER,암 사망 시 유족연금 지급형 가능.,39869
90,롯데손해보험,롯데손해보험 추가상품21,NEWBORN,"아토피, 알레르기성 비염 초기치료.",29878
91,흥국화재,흥국화재 간병치매보험 안심,DRIVER,음주운전 벌금 일부 제외(도덕적 해이 방지).,59093
92,KB손해보험,KB손해보험 추가상품54,CHILD,"입원 간병인 쿠폰, 부모 동반 간이침대비.",56113
93,한화손해보험,한화손해 스마트치아보험,CANCER,"주요암(유방암, 폐암) 보장. 항암주사비 지원.",54910
94,KB손해보험,KB손해보험 추가상품25,CHILD,"만기 후 성인용 전환 가능, 저해지 설계.",59942
95,삼성화재,삼성화재 추가상품79,FIRE,"자연재해(태풍, 홍수) 임시거주비 6개월.",49109
96,롯데손해보험,롯데손해보험 추가상품93,TRAVEL,스마트폰·노트북 분실·파손 한도.,15546
97,DB손해보험,DB손해보험 추가상품74,LIFE,"배우자 연결 종신, 자녀 양육비 연금화 가능.",24275
98,메리츠화재,메리츠화재 추가상품78,FIRE,"지진담보 특약, 건물 균열·붕괴 대비.",42822
99,흥국화재,흥국화재 추가상품91,LIFE,"배우자 연결 종신, 자녀 양육비 연금화 가능.",50348
100,메리츠화재,메리츠 운전자보험 안전플랜,HEALTHCARE,연간 보장한도 내 무제한 청구 가능.,56064
101,한화손해보험,한화손해보험 추가상품79,NURSING,치매·뇌졸중 등 노인성질환 간병비 연동.,28304
102,흥국화재,흥국화재 추가상품32,NURSING,간편심사(3·2·1문) 노령층 가입 용이.,26684
103,한화손해보험,한화손해보험 추가상품55,DEMENTIA,"치매 환자 실종보험금, 배회감지기 지원.",20253
104,롯데손해보험,롯데손해보험 추가상품51,PET,"산책 중 타인 배상책임 담보, 한도 설정.",39305
105,한화손해보험,한화손해보험 추가상품52,NURSING,"납입면제(중증질환) 제도, 가족간병 특약.",49152
106,DB손해보험,DB손해보험 추가상품48,HEALTHCARE,"본인부담금(약국·처방조제료, MRI 등) 지원.",15843
107,메리츠화재,메리츠화재 추가상품86,LIFE,사망 시 유족보험금 평생 지급. 중도 해지환급 일부.,18361
108,DB손해보험,DB손해보험 추가상품75,DRIVER,"배달 라이더 전용, 이륜차 상해 확장.",23346
109,현대해상,현대해상 추가상품31,NURSING,치매·뇌졸중 등 노인성질환 간병비 연동.,33996
110,메리츠화재,메리츠화재 추가상품73,HEALTHCARE,"미용 목적 시술 제외, 치료목적 성형은 일부.",49540
111,흥국화재,흥국화재 추가상품54,LIFE,기업 오너용 상속세 대비 플랜 가능.,25482
112,KB손해보험,KB손해보험 추가상품74,CHILD,"어린이(0~15세) 질병·상해 종합보험. 골절, 화상 등.",38166
113,KB손해보험,KB손해보험 추가상품29,SURGERY,"응급수술 시 헬기이송, 보호자 식대비 지원.",41034
114,메리츠화재,메리츠 실버케어 건강입원,LIFE,"정년도래형: 60세 납 끝, 평생 보장.",51952
115,DB손해보험,DB손해보험 가정종합화재 특별약정,ETC,"골프보험, 낚시보험, 레저보험 등 이색 상품.",44102
116,삼성화재,삼성화재 치아보험 웰라이프,NURSING,"요양병원 입원비, 간병인 고용비 일부 커버.",28519
117,메리츠화재,메리츠화재 추가상품46,DEMENTIA,경도치매~중증치매 단계별 간병비. 장기요양등급별 확대.,32706
118,삼성화재,삼성화재 추가상품68,DEMENTIA,경도치매~중증치매 단계별 간병비. 장기요양등급별 확대.,23397
119,메리츠화재,메리츠화재 추가상품52,CHILD,영양상담·성장검진 할인 연계.,39424
120,한화손해보험,한화손해보험 추가상품26,TRAVEL,배상책임(타인·시설 파손) 변호사비.,47599
121,흥국화재,흥국화재 추가상품29,DRIVER,"면허 재취득 비용 특약, 심리치료 연계.",57626
122,DB손해보험,DB손해보험 추가상품89,PET,"반려동물(개·고양이) 의료비 보장. 수술, 입원, 통원비.",51996
123,메리츠화재,메리츠화재 추가상품64,DRIVER,"상해 입원비, 후유장해. 자전거·오토바이 특약.",27139
124,흥국화재,흥국화재 추가상품56,LIFE,"납입기간 단축(10/15년), 고액 해지환급 설계.",38329
125,DB손해보험,DB손해보험 추가상품85,PET,"가입 시 펫사료 할인쿠폰, 정기검진 안내.",33859
126,DB손해보험,DB손해보험 추가상품26,CHILD,"어린이(0~15세) 질병·상해 종합보험. 골절, 화상 등.",32933
127,DB손해보험,DB손해보험 추가상품45,SURGERY,특정질환(암·뇌·심장) 수술 2배 지급.,39256
128,흥국화재,흥국화재 추가상품84,PET,"산책 중 타인 배상책임 담보, 한도 설정.",44910
129,KB손해보험,KB손해보험 추가상품29,CHILD,"만기 후 성인용 전환 가능, 저해지 설계.",59452
130,메리츠화재,메리츠화재 추가상품46,NURSING,"요양병원 입원비, 간병인 고용비 일부 커버.",21112
131,삼성화재,삼성화재 추가상품44,DENTAL,보철 파손 재제작 비용 커버. 지진·사고 등.,39704
132,현대해상,현대해상 추가상품26,PET,"가입 시 펫사료 할인쿠폰, 정기검진 안내.",49196
133,흥국화재,흥국화재 추가상품62,HEALTHCARE,"미용 목적 시술 제외, 치료목적 성형은 일부.",59380
134,DB손해보험,DB손해보험 추가상품27,DENTAL,"어금니, 브릿지, 골이식술 일부 비용.",22922
135,KB손해보험,KB손해보험 추가상품100,CANCER,"소액암, 갑상선암 전립선암 특화담보.",56418
136,한화손해보험,한화손해보험 추가상품43,DRIVER,"무보험차 상해, 긴급견인 무제한.",25795
137,흥국화재,흥국화재 추가상품93,LIFE,"배우자 연결 종신, 자녀 양육비 연금화 가능.",36227
138,KB손해보험,KB손해보험 추가상품31,SURGERY,무사고 시 수술비 환급 옵션.,24526
139,흥국화재,흥국화재 추가상품23,HEALTHCARE,"미용 목적 시술 제외, 치료목적 성형은 일부.",49913
140,KB손해보험,KB손해보험 추가상품88,FIRE,"노후주택(건축30년↑) 특별심사, 일부 할증.",29480
141,DB손해보험,DB손해보험 추가상품16,FIRE,"자연재해(태풍, 홍수) 임시거주비 6개월.",19213
142,KB손해보험,KB손해보험 추가상품90,ETC,예술품·명품가방 파손·도난 담보.,37729
143,메리츠화재,메리츠화재 추가상품38,LIFE,"변액 종신, 투자수익 연동 해지환급 가능.",29771
144,한화손해보험,한화손해보험 추가상품100,NEWBORN,영유아 검진 비용 전액 지원(정부 외 추가).,18608
145,흥국화재,흥국화재 추가상품47,PET,"슬관절 탈구, 피부질환 등 특정품종 특약.",52495
146,DB손해보험,DB손해보험 추가상품93,CANCER,초기암부터 고액암까지 단계별 혜택.,29294
147,DB손해보험,DB손해보험 추가상품40,LIFE,기업 오너용 상속세 대비 플랜 가능.,28952
148,한화손해보험,한화손해 치아굿케어 A+,FIRE,반려동물 대피 시 임시보호소 비용.,37837
149,흥국화재,흥국화재 추가상품65,TRAVEL,"항공편 결항, 숙박연장 비용, 일정 변경.",40092
150,KB손해보험,KB손해보험 추가상품98,FIRE,"무사고3년 환급, 장기유지 보너스.",21825
151,메리츠화재,메리츠화재 추가상품95,DRIVER,"면허정지/취소 위로금, 벌금 한도 3천만원.",50784
152,삼성화재,삼성화재 추가상품99,PET,"산책 중 타인 배상책임 담보, 한도 설정.",24307
153,흥국화재,흥국화재 추가상품79,LIFE,"변액 종신, 투자수익 연동 해지환급 가능.",46633
154,현대해상,현대해상 추가상품44,HEALTHCARE,"4세대 실손구조, 과다 이용 시 할증.",39938
155,현대해상,현대해상 추가상품77,NEWBORN,쌍둥이 출산 시 추가 할인 특약.,17758
156,한화손해보험,한화손해보험 추가상품93,DEMENTIA,중증치매 간병병실 차액 지원. 호스피스 비용.,35747
157,KB손해보험,KB손해보험 추가상품97,CANCER,"주요암(유방암, 폐암) 보장. 항암주사비 지원.",58447
158,메리츠화재,메리츠 주택화재 가정지킴이,DENTAL,보철 파손 재제작 비용 커버. 지진·사고 등.,17974
159,한화손해보험,한화손해보험 추가상품51,NEWBORN,"태아 때 초음파 검사비 환급, 산전검사 쿠폰.",32843
160,삼성화재,삼성화재 추가상품76,FIRE,임차인 배상책임 별도. 전세·월세 모두 안심.,29768
161,삼성화재,삼성화재 추가상품44,TRAVEL,"해외입원, 현지 간호인 파견, 법률지원.",43413
162,한화손해보험,한화손해보험 추가상품32,SURGERY,"수술 후 재활치료, 도수치료 담보.",19688
163,DB손해보험,DB손해보험 추가상품84,SURGERY,입원일당×(수술난이도계수)로 차등 보상.,29448
164,흥국화재,흥국화재 유니버셜 종신 New,ETC,"특정 질병(에이즈, 희귀질환) 전용 플랜.",53378
165,현대해상,현대해상 치매보장 뉴케어,PET,"반려동물(개·고양이) 의료비 보장. 수술, 입원, 통원비.",50462
166,흥국화재,흥국화재 추가상품49,DEMENTIA,인지재활치료(작업·언어) 비용 특약.,30806
167,한화손해보험,한화손해보험 추가상품18,SURGERY,심장수술·뇌수술 고액 특약 별도.,16547
168,흥국화재,흥국화재 추가상품68,CHILD,영양상담·성장검진 할인 연계.,28099
169,한화손해보험,한화손해 주택화재 AllSafe,CANCER,"재진단암(2차) 보장, 항암약물치료비 일부.",39450
170,DB손해보험,DB손해보험 추가상품48,HEALTHCARE,"본인부담금(약국·처방조제료, MRI 등) 지원.",21586
171,DB손해보험,DB손해보험 추가상품54,DEMENTIA,인지재활치료(작업·언어) 비용 특약.,40665
172,삼성화재,삼성화재 추가상품67,DEMENTIA,"장기요양1~5등급 월 간병비, 최대36개월.",28632
173,삼성화재,삼성화재 추가상품34,SURGERY,"수술 후 재활치료, 도수치료 담보.",35848
174,DB손해보험,DB손해보험 추가상품38,NEWBORN,"출생 직후 미숙아·선천질환 보장, 인큐베이터 입원비.",54421
175,KB손해보험,KB손해보험 추가상품29,NEWBORN,"1세 이전 상해·화상·골절 보장, 응급실 포함.",48366
176,메리츠화재,메리츠 치매든든 종합간병,FIRE,임차인 배상책임 별도. 전세·월세 모두 안심.,42668
177,롯데손해보험,롯데손해보험 추가상품95,CANCER,"소액암, 갑상선암 전립선암 특화담보.",54287
178,메리츠화재,메리츠화재 추가상품30,DENTAL,"임신 중 치아건강 특별관리, 산모 치주질환.",56454
179,흥국화재,흥국화재 추가상품18,NEWBORN,"태아 때 초음파 검사비 환급, 산전검사 쿠폰.",22201
180,흥국화재,흥국화재 추가상품51,LIFE,"MCI(경증치매) 선지급, 간병비로 활용.",40686
181,현대해상,현대해상 추가상품72,FIRE,"화상 치료비, 인명 피해 위로금 커버.",42223
182,DB손해보험,DB손해보험 추가상품36,CANCER,정기검진 결과 고위험군 할인이벤트.,15080
183,한화손해보험,한화손해보험 추가상품54,PET,"가입 시 펫사료 할인쿠폰, 정기검진 안내.",43343
184,메리츠화재,메리츠 치아사랑 메디케어,DEMENTIA,"장기요양1~5등급 월 간병비, 최대36개월.",20991
185,DB손해보험,DB손해보험 다이렉트 운전자보험,DENTAL,"스케일링 연2회, 협회 등록병원 할인.",33762
186,KB손해보험,KB 치아안심 파워케어,CANCER,"재진단암(2차) 보장, 항암약물치료비 일부.",58157
187,메리츠화재,메리츠화재 추가상품94,CANCER,5년 무사고 보험료 환급 옵션.,24703
188,롯데손해보험,롯데손해보험 추가상품27,SURGERY,"복강경, 관절, 디스크 등 정형외과 수술 강화.",15968
189,흥국화재,흥국화재 추가상품87,TRAVEL,"항공편 결항, 숙박연장 비용, 일정 변경.",36878
190,메리츠화재,메리츠화재 추가상품71,SURGERY,"응급수술 시 헬기이송, 보호자 식대비 지원.",55818
191,메리츠화재,메리츠화재 추가상품83,LIFE,"배우자 연결 종신, 자녀 양육비 연금화 가능.",53980
192,현대해상,현대해상 치아케어 치유플러스,NURSING,"재활치료비, 작업치료 옵션 별도.",26640
193,한화손해보험,한화손해보험 추가상품60,TRAVEL,"24시간 핫라인, 통역서비스, 대사관 협조.",32296
194,현대해상,현대해상 추가상품60,FIRE,"화상 치료비, 인명 피해 위로금 커버.",33546
195,KB손해보험,KB손해보험 추가상품45,CHILD,"정신건강상담 특약(ADHD, 틱장애).",30390
196,KB손해보험,KB손해보험 추가상품49,DRIVER,"무보험차 상해, 긴급견인 무제한.",21380
197,현대해상,현대해상 치아케어 치유플러스,CANCER,초기암부터 고액암까지 단계별 혜택.,19206
198,현대해상,현대해상 종신플랜 브라이트,SURGERY,입원일당×(수술난이도계수)로 차등 보상.,26387
199,현대해상,현대해상 추가상품91,CANCER,정기검진 결과 고위험군 할인이벤트.,55992
200,현대해상,현대해상 암스트롱 암보험,SURGERY,"응급수술 시 헬기이송, 보호자 식대비 지원.",22991
201,KB손해보험,KB손해보험 추가상품78,PET,"노령동물(10세 이상) 가입할증, 건강검진 권장.",16177
202,삼성화재,삼성화재 추가상품50,HEALTHCARE,중증질환 고액치료비 한도 확대.,46222
203,현대해상,현대해상 추가상품16,ETC,연예인·스턴트맨 고위험직군 전용. 산재사각 보완.,55600
204,롯데손해보험,롯데 암보험 바로OK,DENTAL,"치주질환, 발치, 근관치료 단계별 정액.",49895
205,삼성화재,삼성화재 추가상품89,FIRE,"화상 치료비, 인명 피해 위로금 커버.",22231
206,한화손해보험,한화손해보험 추가상품75,CHILD,"정신건강상담 특약(ADHD, 틱장애).",25156
207,메리츠화재,메리츠화재 추가상품83,DEMENTIA,"치매 사망 시 위로금, 유족연금형 선택 가능.",53138
208,삼성화재,삼성화재 추가상품19,CHILD,어린이 뇌전증 등 희귀질환 지원.,30364
209,KB손해보험,KB 치매간병보험 안심케어,TRAVEL,"해외입원, 현지 간호인 파견, 법률지원.",42722
210,메리츠화재,메리츠화재 추가상품70,FIRE,반려동물 대피 시 임시보호소 비용.,23564
211,삼성화재,삼성화재 수술입원 통합보장,NURSING,치매·뇌졸중 등 노인성질환 간병비 연동.,27288
212,흥국화재,흥국화재 추가상품99,HEALTHCARE,"도수치료, 증식치료 등 비급여 일부 커버.",26512
213,롯데손해보험,롯데손해보험 추가상품36,DENTAL,"유아·어린이 충치치료, 실란트 시술 보장.",15653
214,DB손해보험,DB손해보험 운전자보험 프로미,ETC,예술품·명품가방 파손·도난 담보.,53354
215,DB손해보험,DB손해보험 추가상품23,NEWBORN,영유아 검진 비용 전액 지원(정부 외 추가).,39799
216,한화손해보험,한화손해보험 추가상품19,DENTAL,"스케일링, 충치, 신경치료 보장. 임플란트 특약.",21556
217,삼성화재,삼성화재 행복한 보장 플랜,NURSING,무심사형(보장금액 제한) 플랜 존재.,33490
218,흥국화재,흥국화재 추가상품30,FIRE,"지진담보 특약, 건물 균열·붕괴 대비.",47032
219,삼성화재,삼성화재 추가상품74,HEALTHCARE,"도수치료, 증식치료 등 비급여 일부 커버.",57508
220,DB손해보험,DB손해보험 추가상품56,SURGERY,심장수술·뇌수술 고액 특약 별도.,16921
221,롯데손해보험,롯데손해보험 추가상품29,DENTAL,임플란트 후 통증관리 약제비 일부.,49647
222,DB손해보험,DB손해보험 추가상품36,NEWBORN,영유아 검진 비용 전액 지원(정부 외 추가).,50571
223,DB손해보험,DB손해보험 추가상품84,DEMENTIA,중증치매 간병병실 차액 지원. 호스피스 비용.,53933
224,롯데손해보험,롯데손해보험 추가상품66,PET,"슬관절 탈구, 피부질환 등 특정품종 특약.",22724
225,삼성화재,삼성화재 다이렉트 실손건강,DRIVER,"면허정지/취소 위로금, 벌금 한도 3천만원.",25471
226,흥국화재,흥국화재 노후장기 케어플랜,PET,"반려견 등록비, 유실견 찾기 쿠폰 연계.",42823
227,현대해상,현대해상 종신플랜 브라이트,NURSING,"퇴원 후 방문간호, 복지용구 대여비 지원.",59924
228,한화손해보험,한화손해 신생아스페셜 보장,TRAVEL,코로나 확진 시 여행취소비용 일부 보상.,15212
229,현대해상,현대해상 치매보장 뉴케어,HEALTHCARE,"미용 목적 시술 제외, 치료목적 성형은 일부.",57593
230,메리츠화재,메리츠화재 추가상품47,ETC,"반려식물보험, 악기파손보험, 특정이벤트 단기보험.",45761
231,삼성화재,삼성화재 추가상품60,FIRE,"화재, 폭발, 누출 피해. 가재도구 망실까지 보장.",20397
232,한화손해보험,한화손해보험 추가상품30,TRAVEL,스마트폰·노트북 분실·파손 한도.,40827
233,흥국화재,흥국화재 치아클리닉 굿케어,HEALTHCARE,"상급병실 차액, 특진료 일부 담보.",47987
234,현대해상,현대해상 추가상품92,DRIVER,"교통사고 처리지원금, 변호사비, 벌금 지원.",43565
235,한화손해보험,한화손해보험 추가상품64,HEALTHCARE,"4세대 실손구조, 과다 이용 시 할증.",24011
236,흥국화재,흥국화재 추가상품88,HEALTHCARE,"4세대 실손구조, 과다 이용 시 할증.",48460
237,한화손해보험,한화손해보험 추가상품68,HEALTHCARE,"4세대 실손구조, 과다 이용 시 할증.",16430
238,한화손해보험,한화손해보험 추가상품62,HEALTHCARE,대학병원 1인실 차액 정액지원.,36874
239,삼성화재,삼성화재 추가상품80,CHILD,"정신건강상담 특약(ADHD, 틱장애).",26948
240,삼성화재,삼성화재 스마트 운전자케어,NEWBORN,"태아 때 초음파 검사비 환급, 산전검사 쿠폰.",33179
241,흥국화재,흥국화재 추가상품76,SURGERY,심장수술·뇌수술 고액 특약 별도.,25024
242,DB손해보험,DB손해보험 추가상품32,PET,"중성화수술비, 예방접종비 일부 환급. 광견병 백신 등.",39747
243,흥국화재,흥국화재 추가상품59,HEALTHCARE,"미용 목적 시술 제외, 치료목적 성형은 일부.",56252
244,메리츠화재,메리츠화재 추가상품46,DENTAL,"어금니, 브릿지, 골이식술 일부 비용.",49508
245,흥국화재,흥국화재 추가상품42,PET,"반려동물(개·고양이) 의료비 보장. 수술, 입원, 통원비.",29333
246,삼성화재,삼성화재 추가상품23,DEMENTIA,"알츠하이머, 혈관성 치매 집중 담보.",53138
247,KB손해보험,KB손해보험 추가상품22,CANCER,"주요암(유방암, 폐암) 보장. 항암주사비 지원.",47991
248,메리츠화재,메리츠화재 추가상품97,DRIVER,"면허정지/취소 위로금, 벌금 한도 3천만원.",21935
249,삼성화재,삼성화재 추가상품23,TRAVEL,스마트폰·노트북 분실·파손 한도.,26722
250,흥국화재,흥국화재 추가상품77,FIRE,"화상 치료비, 인명 피해 위로금 커버.",56283
251,KB손해보험,KB손해보험 추가상품39,LIFE,"MCI(경증치매) 선지급, 간병비로 활용.",36744
252,DB손해보험,DB손해보험 추가상품35,DRIVER,"무보험차 상해, 긴급견인 무제한.",51993
253,현대해상,현대해상 추가상품46,NURSING,"요양병원 입원비, 간병인 고용비 일부 커버.",31340
254,DB손해보험,DB손해보험 추가상품35,HEALTHCARE,"미용 목적 시술 제외, 치료목적 성형은 일부.",20958
255,DB손해보험,DB손해보험 추가상품39,CANCER,암 사망 시 유족연금 지급형 가능.,44672
256,DB손해보험,DB손해보험 추가상품88,DENTAL,"스케일링 연2회, 협회 등록병원 할인.",35306
257,현대해상,현대해상 수술비 더든든,CANCER,"주요암(유방암, 폐암) 보장. 항암주사비 지원.",38022
258,롯데손해보험,롯데손해보험 추가상품30,DENTAL,"임신 중 치아건강 특별관리, 산모 치주질환.",55173
259,한화손해보험,한화손해보험 추가상품79,DRIVER,음주운전 벌금 일부 제외(도덕적 해이 방지).,52234
260,DB손해보험,DB손해보험 추가상품46,DEMENTIA,"치매 사망 시 위로금, 유족연금형 선택 가능.",37304
261,흥국화재,흥국화재 추가상품16,DENTAL,치아염증 재발 시 2차 치료비 커버.,31592
262,삼성화재,삼성화재 추가상품59,LIFE,기업 오너용 상속세 대비 플랜 가능.,45397
263,현대해상,현대해상 추가상품40,PET,"펫장례 특약(화장, 봉안), 펫이별관리 서비스.",59834
264,메리츠화재,메리츠화재 추가상품66,LIFE,"배우자 연결 종신, 자녀 양육비 연금화 가능.",22845
265,흥국화재,흥국화재 추가상품72,PET,수술 후 재활(수중런닝머신) 일부 보상.,47900
266,롯데손해보험,롯데 수술입원 종합케어,TRAVEL,스쿠버·스카이다이빙 등 레저특약(고위험 할증).,24257
267,흥국화재,흥국화재 신생아 출산플랜,NEWBORN,"신생아 황달, 호흡곤란증후군 집중보장.",19015
268,롯데손해보험,롯데손해보험 추가상품47,SURGERY,"복강경, 관절, 디스크 등 정형외과 수술 강화.",26455
269,흥국화재,흥국화재 추가상품66,FIRE,"보일러, 수도 파열사고 확대. 도난 특약 가능.",42986
270,롯데손해보험,롯데손해보험 추가상품29,TRAVEL,코로나 확진 시 여행취소비용 일부 보상.,46512
271,한화손해보험,한화손해보험 추가상품57,PET,"슬관절 탈구, 피부질환 등 특정품종 특약.",18347
272,KB손해보험,KB손해보험 추가상품49,TRAVEL,"해외여행 중 질병·상해, 항공기 지연, 수하물 파손 보장.",34087
273,메리츠화재,메리츠화재 추가상품73,HEALTHCARE,중증질환 고액치료비 한도 확대.,56772
274,삼성화재,삼성화재 추가상품56,SURGERY,"수술 후 재활치료, 도수치료 담보.",17588
275,한화손해보험,한화손해보험 추가상품31,SURGERY,수술비·입원비 포괄 보장. 로봇수술 특약.,53334
276,KB손해보험,KB손해보험 추가상품52,LIFE,"정년도래형: 60세 납 끝, 평생 보장.",46751
277,롯데손해보험,롯데손해보험 추가상품96,TRAVEL,"해외입원, 현지 간호인 파견, 법률지원.",46618
278,한화손해보험,한화손해보험 추가상품41,CHILD,"입원 간병인 쿠폰, 부모 동반 간이침대비.",38790
279,현대해상,현대해상 추가상품29,SURGERY,"수술 후 재활치료, 도수치료 담보.",50421
280,한화손해보험,한화손해보험 추가상품45,PET,수술 후 재활(수중런닝머신) 일부 보상.,48795
281,흥국화재,흥국화재 추가상품69,CANCER,5년 무사고 보험료 환급 옵션.,23812
282,한화손해보험,한화손해보험 추가상품77,DEMENTIA,경도치매~중증치매 단계별 간병비. 장기요양등급별 확대.,16707
283,DB손해보험,DB손해보험 추가상품64,DENTAL,치아염증 재발 시 2차 치료비 커버.,26459
284,KB손해보험,KB손해보험 추가상품40,LIFE,"변액 종신, 투자수익 연동 해지환급 가능.",36544
285,롯데손해보험,롯데손해보험 추가상품42,DENTAL,"치주질환, 발치, 근관치료 단계별 정액.",42363
286,흥국화재,흥국화재 추가상품80,DRIVER,"법률비용지원: 변호사 선임비, 합의금.",47763
287,롯데손해보험,롯데손해보험 추가상품56,NEWBORN,쌍둥이 출산 시 추가 할인 특약.,38301
288,메리츠화재,메리츠화재 추가상품95,TRAVEL,"해외입원, 현지 간호인 파견, 법률지원.",53385
289,메리츠화재,메리츠화재 추가상품64,DRIVER,"법률비용지원: 변호사 선임비, 합의금.",48776
290,현대해상,현대해상 추가상품52,HEALTHCARE,"약국 본인부담금, 처방조제료 연간 n회 제한.",34862
291,메리츠화재,메리츠화재 추가상품100,TRAVEL,코로나 확진 시 여행취소비용 일부 보상.,29380
292,DB손해보험,DB손해보험 추가상품92,DRIVER,"면허정지/취소 위로금, 벌금 한도 3천만원.",46428
293,롯데손해보험,롯데손해보험 추가상품26,PET,"슬관절 탈구, 피부질환 등 특정품종 특약.",25635
294,DB손해보험,DB손해보험 가정종합화재 특별약정,DRIVER,"교통사고 처리지원금, 변호사비, 벌금 지원.",23686
295,롯데손해보험,롯데손해보험 추가상품83,CANCER,"표적항암약물, 면역치료 보장 확대.",39101
296,한화손해보험,한화손해보험 추가상품50,DEMENTIA,"치매 환자 실종보험금, 배회감지기 지원.",59626
297,메리츠화재,메리츠화재 추가상품71,HEALTHCARE,"표준 실손의료비, 급여·비급여 통원/입원 보장.",49473
298,DB손해보험,DB손해보험 아이러브 건강보험,CHILD,"만기 후 성인용 전환 가능, 저해지 설계.",30445
299,메리츠화재,메리츠화재 추가상품100,PET,"노령동물(10세 이상) 가입할증, 건강검진 권장.",45189
300,DB손해보험,DB손해보험 추가상품19,PET,"노령동물(10세 이상) 가입할증, 건강검진 권장.",45067
301,롯데손해보험,롯데 가온종합보험,CANCER,정기검진 결과 고위험군 할인이벤트.,17121
302,현대해상,현대해상 추가상품42,DRIVER,"장기무사고 환급, 블랙박스 설치 할인.",20331
303,흥국화재,흥국화재 추가상품36,PET,"펫장례 특약(화장, 봉안), 펫이별관리 서비스.",54490
304,DB손해보험,DB손해보험 추가상품52,NEWBORN,"1세 이전 상해·화상·골절 보장, 응급실 포함.",35270
305,흥국화재,흥국화재 추가상품56,PET,수술 후 재활(수중런닝머신) 일부 보상.,29121
306,롯데손해보험,롯데손해보험 추가상품31,SURGERY,무사고 시 수술비 환급 옵션.,21033
307,삼성화재,삼성화재 추가상품74,SURGERY,수술비·입원비 포괄 보장. 로봇수술 특약.,33713
308,롯데손해보험,롯데손해보험 추가상품57,LIFE,생활자금선지급형: 중증질환 시 일부 지급.,20042
309,한화손해보험,한화손해보험 추가상품84,TRAVEL,배상책임(타인·시설 파손) 변호사비.,31206
310,한화손해보험,한화손해보험 추가상품61,CHILD,"정신건강상담 특약(ADHD, 틱장애).",29991
311,롯데손해보험,롯데손해보험 추가상품72,FIRE,고층건물 화재시 고가사다리차 비용 일부.,42701
312,롯데손해보험,롯데손해보험 추가상품48,NEWBORN,쌍둥이 출산 시 추가 할인 특약.,50067
313,DB손해보험,DB손해보험 추가상품23,DRIVER,"면허 재취득 비용 특약, 심리치료 연계.",35152
314,DB손해보험,DB손해보험 추가상품25,CHILD,영양상담·성장검진 할인 연계.,22150
315,KB손해보험,KB손해보험 추가상품69,HEALTHCARE,"도수치료, 증식치료 등 비급여 일부 커버.",37420
316,메리츠화재,메리츠화재 추가상품47,DENTAL,보철 파손 재제작 비용 커버. 지진·사고 등.,20253
317,흥국화재,흥국화재 추가상품83,CANCER,"주요암(유방암, 폐암) 보장. 항암주사비 지원.",48272
318,메리츠화재,메리츠화재 추가상품26,LIFE,정액사망보장 + 뇌·심장질환 특약 가능.,45543
319,DB손해보험,DB손해보험 추가상품90,DENTAL,보철 파손 재제작 비용 커버. 지진·사고 등.,58824
320,흥국화재,흥국화재 추가상품25,DENTAL,보철 파손 재제작 비용 커버. 지진·사고 등.,18833
321,DB손해보험,DB손해보험 추가상품80,CHILD,"만기 후 성인용 전환 가능, 저해지 설계.",56399
322,삼성화재,삼성화재 추가상품45,FIRE,"지진담보 특약, 건물 균열·붕괴 대비.",55442
323,DB손해보험,DB손해보험 추가상품37,DEMENTIA,경도치매~중증치매 단계별 간병비. 장기요양등급별 확대.,47416
324,롯데손해보험,롯데손해보험 추가상품93,NEWBORN,"신생아 황달, 호흡곤란증후군 집중보장.",52867
325,KB손해보험,KB손해보험 추가상품95,DRIVER,"면허정지/취소 위로금, 벌금 한도 3천만원.",50395
326,한화손해보험,한화손해보험 추가상품72,DENTAL,"임신 중 치아건강 특별관리, 산모 치주질환.",39578
327,롯데손해보험,롯데손해보험 추가상품96,ETC,예술품·명품가방 파손·도난 담보.,49632
328,KB손해보험,KB손해보험 추가상품21,HEALTHCARE,연간 보장한도 내 무제한 청구 가능.,15999
329,DB손해보험,DB손해보험 추가상품47,HEALTHCARE,"약국 본인부담금, 처방조제료 연간 n회 제한.",39927
330,현대해상,현대해상 추가상품29,DEMENTIA,가족 중 치매 이력 있으면 가입 할인.,27307
331,삼성화재,삼성화재 추가상품51,LIFE,생활자금선지급형: 중증질환 시 일부 지급.,33120
332,DB손해보험,DB손해보험 추가상품40,NEWBORN,"아토피, 알레르기성 비염 초기치료.",58886
333,현대해상,현대해상 추가상품77,PET,"산책 중 타인 배상책임 담보, 한도 설정.",23927
334,DB손해보험,DB손해보험 추가상품80,SURGERY,특정질환(암·뇌·심장) 수술 2배 지급.,44352
335,흥국화재,흥국화재 착한운전자보험,CHILD,"만기 후 성인용 전환 가능, 저해지 설계.",15310
336,KB손해보험,KB 종합건강보험 The Care,CHILD,"어린이(0~15세) 질병·상해 종합보험. 골절, 화상 등.",19182
337,롯데손해보험,롯데손해보험 추가상품77,LIFE,"정년도래형: 60세 납 끝, 평생 보장.",17369
338,DB손해보험,DB손해보험 추가상품73,LIFE,"MCI(경증치매) 선지급, 간병비로 활용.",54377
339,현대해상,현대해상 추가상품98,CANCER,초기암부터 고액암까지 단계별 혜택.,46295
340,한화손해보험,한화손해 스마트치아보험,ETC,예술품·명품가방 파손·도난 담보.,49576
341,흥국화재,흥국화재 주택화재 럭키홈,DEMENTIA,"장기요양1~5등급 월 간병비, 최대36개월.",59635
342,삼성화재,삼성화재 추가상품71,SURGERY,"수술 후 재활치료, 도수치료 담보.",20664
343,메리츠화재,메리츠화재 추가상품94,CHILD,"만기 후 성인용 전환 가능, 저해지 설계.",35658
344,흥국화재,흥국화재 추가상품21,NURSING,"방문요양 쿠폰 연2회, 보호자 심리상담.",25755
345,현대해상,현대해상 추가상품46,NEWBORN,영유아 검진 비용 전액 지원(정부 외 추가).,54118
346,삼성화재,삼성화재 추가상품20,DRIVER,가족 운전 중 사고시 동일 보장.,31728
347,롯데손해보험,롯데손해보험 추가상품48,PET,"슬관절 탈구, 피부질환 등 특정품종 특약.",43077
348,현대해상,현대해상 추가상품16,NURSING,"요양병원 입원비, 간병인 고용비 일부 커버.",56722
349,DB손해보험,DB손해보험 추가상품75,TRAVEL,"해외여행 중 질병·상해, 항공기 지연, 수하물 파손 보장.",32392
350,흥국화재,흥국화재 추가상품74,HEALTHCARE,"본인부담금(약국·처방조제료, MRI 등) 지원.",28881
351,한화손해보험,한화손해보험 추가상품54,FIRE,"노후주택(건축30년↑) 특별심사, 일부 할증.",28165
352,현대해상,현대해상 굿앤굿종합보험,NEWBORN,"1세 이전 상해·화상·골절 보장, 응급실 포함.",20331
353,메리츠화재,메리츠화재 추가상품61,FIRE,"지진담보 특약, 건물 균열·붕괴 대비.",59328
354,흥국화재,흥국화재 추가상품50,NURSING,간병보험: 장기요양1~5등급 등급별 간병비 월지급.,47179
355,메리츠화재,메리츠화재 추가상품71,NEWBORN,"아토피, 알레르기성 비염 초기치료.",24673
356,DB손해보험,DB손해보험 추가상품17,NEWBORN,"신생아 황달, 호흡곤란증후군 집중보장.",17228
357,현대해상,현대해상 수술입원 안심케어,DENTAL,"어금니, 브릿지, 골이식술 일부 비용.",35523
358,한화손해보험,한화손해보험 추가상품81,HEALTHCARE,대학병원 1인실 차액 정액지원.,53166
359,DB손해보험,DB손해보험 추가상품61,NURSING,"요양병원 입원비, 간병인 고용비 일부 커버.",54582
360,현대해상,현대해상 추가상품33,CHILD,"만기 후 성인용 전환 가능, 저해지 설계.",40359
361,흥국화재,흥국화재 추가상품84,DEMENTIA,치매 간병인 24시간 특약. 배우자 동시 발생 시 2배.,48762
362,삼성화재,삼성화재 추가상품66,DEMENTIA,가족 중 치매 이력 있으면 가입 할인.,46582
363,흥국화재,흥국화재 추가상품46,SURGERY,"수술 후 재활치료, 도수치료 담보.",31471
364,삼성화재,삼성화재 추가상품40,NURSING,"시설입소 보증금 파손 위험 담보, 파산시 일부 환급.",53027
365,메리츠화재,메리츠화재 추가상품45,LIFE,암·뇌졸중 사망 시 2배 보상 특약.,36884
366,KB손해보험,KB손해보험 추가상품77,SURGERY,수술비·입원비 포괄 보장. 로봇수술 특약.,54900
367,KB손해보험,KB손해보험 추가상품72,FIRE,"노후주택(건축30년↑) 특별심사, 일부 할증.",27284
368,한화손해보험,한화손해보험 추가상품24,DEMENTIA,가족 중 치매 이력 있으면 가입 할인.,39282
369,롯데손해보험,롯데손해보험 추가상품57,DRIVER,"교통사고 처리지원금, 변호사비, 벌금 지원.",49700
370,삼성화재,삼성화재 추가상품64,NURSING,"방문요양 쿠폰 연2회, 보호자 심리상담.",51295
371,KB손해보험,KB손해보험 추가상품63,FIRE,"노후주택(건축30년↑) 특별심사, 일부 할증.",30035
372,롯데손해보험,롯데손해보험 추가상품32,NEWBORN,쌍둥이 출산 시 추가 할인 특약.,55521
373,삼성화재,삼성화재 추가상품56,TRAVEL,스쿠버·스카이다이빙 등 레저특약(고위험 할증).,39427
374,메리츠화재,메리츠화재 추가상품98,CHILD,"만기 후 성인용 전환 가능, 저해지 설계.",17773
375,한화손해보험,한화손해 스마트치아보험,ETC,"반려식물보험, 악기파손보험, 특정이벤트 단기보험.",35744
376,한화손해보험,한화손해보험 추가상품82,NURSING,"방문요양 쿠폰 연2회, 보호자 심리상담.",57889
377,롯데손해보험,롯데손해보험 추가상품61,FIRE,"지진담보 특약, 건물 균열·붕괴 대비.",55037
378,삼성화재,삼성화재 가정화재 종합보장,SURGERY,"복강경, 관절, 디스크 등 정형외과 수술 강화.",18984
379,롯데손해보험,롯데손해보험 추가상품56,DRIVER,"면허 재취득 비용 특약, 심리치료 연계.",53426
380,DB손해보험,DB손해보험 추가상품20,CANCER,"유전성 암 스크리닝 할인, 가족력시 보험료 감면.",26054
381,롯데손해보험,롯데손해보험 추가상품33,SURGERY,무사고 시 수술비 환급 옵션.,55360
382,현대해상,현대해상 추가상품38,FIRE,"화재, 폭발, 누출 피해. 가재도구 망실까지 보장.",15681
383,삼성화재,삼성화재 추가상품86,NURSING,"퇴원 후 방문간호, 복지용구 대여비 지원.",27396
384,현대해상,현대해상 추가상품32,PET,"가입 시 펫사료 할인쿠폰, 정기검진 안내.",21023
385,흥국화재,흥국화재 추가상품58,ETC,"기업 임직원 단체상해, 복지특약, 보증보험 등.",56429
386,DB손해보험,DB손해보험 가정종합화재 특별약정,NEWBORN,"태아 때 초음파 검사비 환급, 산전검사 쿠폰.",27562
387,메리츠화재,메리츠화재 추가상품63,DENTAL,"유아·어린이 충치치료, 실란트 시술 보장.",37939
388,메리츠화재,메리츠 치아보험 내돈제로,CANCER,정기검진 결과 고위험군 할인이벤트.,39969
389,삼성화재,삼성화재 추가상품24,PET,"반려견 등록비, 유실견 찾기 쿠폰 연계.",33361
390,롯데손해보험,롯데손해보험 추가상품61,DEMENTIA,인지재활치료(작업·언어) 비용 특약.,35844
391,롯데손해보험,롯데손해보험 추가상품52,LIFE,"납입기간 단축(10/15년), 고액 해지환급 설계.",21019
392,메리츠화재,메리츠화재 추가상품90,PET,"산책 중 타인 배상책임 담보, 한도 설정.",32832
393,한화손해보험,한화손해보험 추가상품74,DRIVER,가족 운전 중 사고시 동일 보장.,20268
394,현대해상,현대해상 추가상품82,FIRE,반려동물 대피 시 임시보호소 비용.,44720
395,삼성화재,삼성화재 추가상품62,TRAVEL,"해외입원, 현지 간호인 파견, 법률지원.",36724
396,DB손해보험,DB손해보험 추가상품35,NURSING,"요양병원 입원비, 간병인 고용비 일부 커버.",58940
397,메리츠화재,메리츠화재 추가상품33,CANCER,5년 무사고 보험료 환급 옵션.,41823
398,한화손해보험,한화손해 노후치매 프리미엄,ETC,"농작물재해, 가축재해, 자연재해 연결 특약.",51125
399,흥국화재,흥국화재 치매간병 해피라이프,ETC,연예인·스턴트맨 고위험직군 전용. 산재사각 보완.,36910
400,KB손해보험,KB손해보험 추가상품91,FIRE,반려동물 대피 시 임시보호소 비용.,26759
401,현대해상,현대해상 추가상품71,TRAVEL,코로나 확진 시 여행취소비용 일부 보상.,41509
402,KB손해보험,KB손해보험 추가상품44,LIFE,"MCI(경증치매) 선지급, 간병비로 활용.",19784
403,삼성화재,삼성화재 추가상품97,PET,"펫장례 특약(화장, 봉안), 펫이별관리 서비스.",47586
404,흥국화재,흥국화재 어린이미래 파워케어,NURSING,"납입면제(중증질환) 제도, 가족간병 특약.",22635
405,현대해상,현대해상 추가상품21,DENTAL,보철 파손 재제작 비용 커버. 지진·사고 등.,57770
406,KB손해보험,KB 무배당 암케어슈퍼,DENTAL,"유아·어린이 충치치료, 실란트 시술 보장.",17399
407,메리츠화재,메리츠화재 추가상품64,NEWBORN,쌍둥이 출산 시 추가 할인 특약.,37615
408,한화손해보험,한화손해보험 추가상품41,PET,"중성화수술비, 예방접종비 일부 환급. 광견병 백신 등.",28347
409,DB손해보험,DB손해보험 추가상품40,CANCER,"주요암(유방암, 폐암) 보장. 항암주사비 지원.",43645
410,삼성화재,삼성화재 추가상품72,NEWBORN,"출생 직후 미숙아·선천질환 보장, 인큐베이터 입원비.",56315
411,KB손해보험,KB손해보험 추가상품39,DEMENTIA,가족 중 치매 이력 있으면 가입 할인.,18108
412,한화손해보험,한화손해보험 추가상품64,NURSING,무심사형(보장금액 제한) 플랜 존재.,17949
413,롯데손해보험,롯데 치아실속케어 B형,PET,"산책 중 타인 배상책임 담보, 한도 설정.",45693
414,KB손해보험,KB손해보험 추가상품59,TRAVEL,스쿠버·스카이다이빙 등 레저특약(고위험 할증).,50950
415,흥국화재,흥국화재 행복을다주는암보험,CANCER,"소액암, 갑상선암 전립선암 특화담보.",32509
416,롯데손해보험,롯데손해보험 추가상품42,TRAVEL,스쿠버·스카이다이빙 등 레저특약(고위험 할증).,49681
417,한화손해보험,한화손해보험 추가상품29,DRIVER,"면허 재취득 비용 특약, 심리치료 연계.",38264
418,흥국화재,흥국화재 착한운전자보험,NURSING,"재활치료비, 작업치료 옵션 별도.",54031
419,현대해상,현대해상 추가상품95,SURGERY,수술비·입원비 포괄 보장. 로봇수술 특약.,41630
420,삼성화재,삼성화재 추가상품61,SURGERY,입원일당×(수술난이도계수)로 차등 보상.,49939
421,메리츠화재,메리츠화재 추가상품67,HEALTHCARE,"미용 목적 시술 제외, 치료목적 성형은 일부.",42818
422,DB손해보험,DB손해보험 추가상품80,SURGERY,심장수술·뇌수술 고액 특약 별도.,36939
423,메리츠화재,메리츠화재 추가상품89,DEMENTIA,"치매 사망 시 위로금, 유족연금형 선택 가능.",55831
424,삼성화재,삼성화재 추가상품37,SURGERY,"치과수술(악교정, 임플란트) 일부 커버.",38440
425,DB손해보험,DB손해보험 치아든든케어,FIRE,"화상 치료비, 인명 피해 위로금 커버.",19616
426,한화손해보험,한화손해보험 추가상품87,DRIVER,가족 운전 중 사고시 동일 보장.,42615
427,KB손해보험,KB손해보험 추가상품68,HEALTHCARE,대학병원 1인실 차액 정액지원.,46192
428,롯데손해보험,롯데손해보험 추가상품35,HEALTHCARE,"표준 실손의료비, 급여·비급여 통원/입원 보장.",34935
429,DB손해보험,DB손해보험 종합건강수술비,NURSING,치매·뇌졸중 등 노인성질환 간병비 연동.,49150
430,현대해상,현대해상 추가상품39,NURSING,치매·뇌졸중 등 노인성질환 간병비 연동.,36930
431,흥국화재,흥국화재 추가상품24,NEWBORN,"출생 직후 미숙아·선천질환 보장, 인큐베이터 입원비.",52656
432,KB손해보험,KB손해보험 추가상품40,SURGERY,"미용 목적 성형 제외, 재건술은 일부 조건.",23723
433,삼성화재,삼성화재 추가상품95,PET,"반려동물(개·고양이) 의료비 보장. 수술, 입원, 통원비.",47171
434,삼성화재,삼성화재 추가상품21,DENTAL,"스케일링, 충치, 신경치료 보장. 임플란트 특약.",33917
435,현대해상,현대해상 추가상품18,CANCER,"재진단암(2차) 보장, 항암약물치료비 일부.",34094
436,흥국화재,흥국화재 치아클리닉 굿케어,LIFE,암·뇌졸중 사망 시 2배 보상 특약.,57530
437,KB손해보험,KB손해보험 추가상품38,HEALTHCARE,"표준 실손의료비, 급여·비급여 통원/입원 보장.",20476
438,삼성화재,삼성화재 추가상품83,CHILD,영양상담·성장검진 할인 연계.,37355
439,삼성화재,삼성화재 추가상품82,CANCER,"소액암, 갑상선암 전립선암 특화담보.",44639
440,한화손해보험,한화손해보험 추가상품55,NURSING,"시설입소 보증금 파손 위험 담보, 파산시 일부 환급.",18040
441,KB손해보험,KB손해보험 추가상품62,DENTAL,"스케일링 연2회, 협회 등록병원 할인.",51520
442,롯데손해보험,롯데 가온종합보험,DRIVER,"장기무사고 환급, 블랙박스 설치 할인.",35079
443,메리츠화재,메리츠화재 추가상품73,PET,"반려견 등록비, 유실견 찾기 쿠폰 연계.",17781
444,한화손해보험,한화손해보험 추가상품64,SURGERY,"미용 목적 성형 제외, 재건술은 일부 조건.",44767
445,롯데손해보험,롯데 치아건강보험,ETC,"농작물재해, 가축재해, 자연재해 연결 특약.",38431
446,삼성화재,삼성화재 추가상품42,TRAVEL,코로나 확진 시 여행취소비용 일부 보상.,21888
447,현대해상,현대해상 추가상품54,NEWBORN,"신생아 황달, 호흡곤란증후군 집중보장.",47958
448,롯데손해보험,롯데손해보험 추가상품23,LIFE,"MCI(경증치매) 선지급, 간병비로 활용.",23654
449,흥국화재,흥국화재 추가상품74,FIRE,"노후주택(건축30년↑) 특별심사, 일부 할증.",57352
450,DB손해보험,DB손해보험 암플러스 3대질환,CANCER,암 사망 시 유족연금 지급형 가능.,45920
451,흥국화재,흥국화재 추가상품74,CHILD,"정신건강상담 특약(ADHD, 틱장애).",50690
452,흥국화재,흥국화재 추가상품52,LIFE,"정년도래형: 60세 납 끝, 평생 보장.",40512
453,롯데손해보험,롯데손해보험 추가상품63,TRAVEL,"여권 분실 시 재발급 비용, 긴급현금지원.",53595
454,DB손해보험,DB손해보험 추가상품25,TRAVEL,"해외입원, 현지 간호인 파견, 법률지원.",57585
455,한화손해보험,한화손해보험 추가상품44,FIRE,고층건물 화재시 고가사다리차 비용 일부.,18609
456,현대해상,현대해상 추가상품18,CANCER,"말기암 간병특약, 호스피스 비용 지원.",21807
457,흥국화재,흥국화재 신생아 출산플랜,DEMENTIA,치매 진단 시 보험료 납입면제. 보호자 심리상담.,27650
458,KB손해보험,KB 주택화재 종합프로,ETC,연예인·스턴트맨 고위험직군 전용. 산재사각 보완.,50529
459,현대해상,현대해상 추가상품24,ETC,"특정 질병(에이즈, 희귀질환) 전용 플랜.",26738
460,삼성화재,삼성화재 추가상품53,CANCER,"말기암 간병특약, 호스피스 비용 지원.",55865
461,KB손해보험,KB손해보험 추가상품21,FIRE,임차인 배상책임 별도. 전세·월세 모두 안심.,36698
462,현대해상,현대해상 추가상품21,HEALTHCARE,연간 보장한도 내 무제한 청구 가능.,56679
463,KB손해보험,KB 종신보험 행복누리,NEWBORN,영유아 검진 비용 전액 지원(정부 외 추가).,48494
464,흥국화재,흥국화재 추가상품40,FIRE,임차인 배상책임 별도. 전세·월세 모두 안심.,18862
465,메리츠화재,메리츠화재 추가상품57,PET,"슬관절 탈구, 피부질환 등 특정품종 특약.",43961
466,메리츠화재,메리츠 알파Plus 보장보험,ETC,"농작물재해, 가축재해, 자연재해 연결 특약.",39764
467,메리츠화재,메리츠화재 추가상품33,FIRE,반려동물 대피 시 임시보호소 비용.,23739
468,롯데손해보험,롯데손해보험 추가상품89,NEWBORN,영유아 검진 비용 전액 지원(정부 외 추가).,22279
469,메리츠화재,메리츠화재 추가상품83,SURGERY,"복강경, 관절, 디스크 등 정형외과 수술 강화.",39545
470,흥국화재,흥국화재 추가상품26,FIRE,"화재, 폭발, 누출 피해. 가재도구 망실까지 보장.",30781
471,삼성화재,삼성화재 추가상품19,PET,"펫장례 특약(화장, 봉안), 펫이별관리 서비스.",58154
472,롯데손해보험,롯데손해보험 추가상품46,TRAVEL,"해외여행 중 질병·상해, 항공기 지연, 수하물 파손 보장.",50398
473,KB손해보험,KB손해보험 추가상품92,HEALTHCARE,"상급병실 차액, 특진료 일부 담보.",32868
474,삼성화재,삼성화재 추가상품53,ETC,"특정 질병(에이즈, 희귀질환) 전용 플랜.",45742
475,현대해상,현대해상 추가상품72,CANCER,초기암부터 고액암까지 단계별 혜택.,18775
476,DB손해보험,DB손해보험 추가상품41,TRAVEL,코로나 확진 시 여행취소비용 일부 보상.,20920
477,DB손해보험,DB손해보험 추가상품57,DEMENTIA,"알츠하이머, 혈관성 치매 집중 담보.",33647
478,메리츠화재,메리츠화재 추가상품74,DRIVER,"교통사고 처리지원금, 변호사비, 벌금 지원.",42500
479,현대해상,현대해상 추가상품98,CANCER,"표적항암약물, 면역치료 보장 확대.",47440
480,KB손해보험,KB손해보험 추가상품94,DENTAL,"스케일링 연2회, 협회 등록병원 할인.",30285
481,KB손해보험,KB손해보험 추가상품26,FIRE,"지진담보 특약, 건물 균열·붕괴 대비.",25369
482,KB손해보험,KB손해보험 추가상품30,PET,"중성화수술비, 예방접종비 일부 환급. 광견병 백신 등.",34786
483,현대해상,현대해상 추가상품16,LIFE,"납입기간 단축(10/15년), 고액 해지환급 설계.",29565
484,현대해상,현대해상 수술비 더든든,HEALTHCARE,대학병원 1인실 차액 정액지원.,42989
485,흥국화재,흥국화재 착한운전자보험,DEMENTIA,가족 중 치매 이력 있으면 가입 할인.,41463
486,KB손해보험,KB손해보험 추가상품77,ETC,우주여행 대비 고공비행보험(개발 중).,39579
487,KB손해보험,KB손해보험 추가상품66,PET,"산책 중 타인 배상책임 담보, 한도 설정.",57872
488,메리츠화재,메리츠화재 추가상품93,TRAVEL,"해외여행 중 질병·상해, 항공기 지연, 수하물 파손 보장.",30571
489,현대해상,현대해상 추가상품55,CHILD,"정신건강상담 특약(ADHD, 틱장애).",57128
490,현대해상,현대해상 추가상품49,DRIVER,"법률비용지원: 변호사 선임비, 합의금.",26874
491,롯데손해보험,롯데손해보험 추가상품29,CHILD,"어린이(0~15세) 질병·상해 종합보험. 골절, 화상 등.",54850
492,현대해상,현대해상 추가상품77,DRIVER,"배달 라이더 전용, 이륜차 상해 확장.",33345
493,한화손해보험,한화손해보험 추가상품70,NEWBORN,"태아 때 초음파 검사비 환급, 산전검사 쿠폰.",57481
494,메리츠화재,메리츠화재 추가상품45,NURSING,"요양병원 입원비, 간병인 고용비 일부 커버.",19050
495,삼성화재,삼성화재 추가상품40,FIRE,"무사고3년 환급, 장기유지 보너스.",25201
496,롯데손해보험,롯데손해보험 추가상품93,PET,"가입 시 펫사료 할인쿠폰, 정기검진 안내.",47163
497,흥국화재,흥국화재 추가상품70,NEWBORN,쌍둥이 출산 시 추가 할인 특약.,37639
498,삼성화재,삼성화재 건강보험 통합,HEALTHCARE,"상급병실 차액, 특진료 일부 담보.",31981
499,흥국화재,흥국화재 추가상품78,FIRE,"지진담보 특약, 건물 균열·붕괴 대비.",21571
500,DB손해보험,DB손해보험 추가상품64,CHILD,"어린이(0~15세) 질병·상해 종합보험. 골절, 화상 등.",45064
